PLAYERID,NAME,CLUB,GRADE,AVG,G,PA,R,H,B2,B3,HR,RBI,SAC,BB,HBP,SLG,OBP,OPS,RISP
164,박건우,두산,A,0.335,132,540,95,162,36,4,20,83,4,38,9,0.55,0.39,0.94,0.331
97,김재환,두산,A,0.325,134,568,107,160,32,3,37,124,0,71,0,0.628,0.407,1.035,0.313
280,오재일,두산,A,0.316,105,455,69,120,20,2,27,92,2,64,2,0.592,0.411,1.003,0.295
276,에반스,두산,A,0.308,118,481,69,123,31,0,24,81,0,69,5,0.565,0.41,0.975,0.266
528,황재균,롯데,A,0.335,127,559,97,167,26,5,27,113,0,49,4,0.57,0.394,0.964,0.411
6,강민호,롯데,A,0.323,116,460,65,123,26,0,20,72,0,66,10,0.549,0.433,0.982,0.33
488,최형우,삼성,A,0.376,138,618,99,195,46,2,31,144,0,83,9,0.651,0.464,1.115,0.38
23,구자욱,삼성,A,0.343,108,495,105,147,19,13,14,77,2,55,5,0.547,0.42,0.967,0.352
118,김태균,한화,A,0.365,144,652,94,193,39,0,23,136,0,108,9,0.569,0.475,1.044,0.417
143,로사리오,한화,A,0.321,127,532,78,158,31,2,33,120,1,33,4,0.593,0.367,0.96,0.348
103,김주찬,KIA,A,0.346,130,555,97,177,37,3,23,101,1,30,7,0.566,0.386,0.952,0.421
327,이범호,KIA,A,0.31,138,560,93,150,23,0,33,108,0,60,9,0.562,0.391,0.953,0.314
133,나지완,KIA,A,0.308,118,486,84,117,21,2,25,90,0,85,17,0.571,0.451,1.022,0.304
165,박경수,kt,A,0.313,121,476,64,126,22,1,20,80,0,65,5,0.522,0.412,0.934,0.325
493,테임즈,NC,A,0.321,123,529,118,140,30,3,40,121,0,74,12,0.679,0.427,1.106,0.304
177,박석민,NC,A,0.307,126,506,77,131,20,0,32,104,2,56,16,0.578,0.404,0.982,0.354
534,이호준,NC,A,0.298,119,472,46,119,20,0,21,87,2,65,2,0.506,0.396,0.902,0.342
481,최정,SK,A,0.288,141,606,106,144,24,1,40,106,0,77,23,0.58,0.403,0.983,0.278
138,대니돈,넥센,A,0.295,129,497,65,123,33,1,16,70,1,70,5,0.494,0.399,0.893,0.297
162,민병헌,두산,A,0.325,134,579,98,166,31,4,16,87,1,48,15,0.495,0.396,0.891,0.357
238,손아섭,롯데,A,0.323,144,672,118,186,33,1,16,81,0,92,3,0.468,0.418,0.886,0.331
337,이승엽,삼성,A,0.303,142,623,91,164,32,2,27,118,0,65,8,0.518,0.38,0.898,0.33
343,이용규,한화,A,0.352,113,530,98,159,20,4,3,41,7,63,7,0.434,0.438,0.872,0.374
241,송광민,한화,A,0.325,116,494,80,146,27,2,17,83,7,28,4,0.508,0.366,0.874,0.328
228,서동욱,KIA,A,0.292,124,485,73,120,30,3,16,67,6,60,5,0.496,0.386,0.882,0.308
301,유한준,kt,A,0.336,110,460,70,137,22,0,14,64,0,47,2,0.493,0.404,0.897,0.319
187,박용택,LG,A,0.346,138,578,84,176,24,0,11,90,0,58,4,0.458,0.412,0.87,0.376
530,히메네스,LG,A,0.308,135,579,101,161,36,0,26,102,1,39,10,0.526,0.363,0.889,0.304
284,오지환,LG,A,0.28,121,472,73,110,14,5,20,78,2,65,7,0.494,0.387,0.881,0.266
130,나성범,NC,A,0.309,144,653,116,177,37,2,22,113,1,67,9,0.497,0.388,0.885,0.32
52,김민성,넥센,B,0.306,141,579,76,156,39,5,17,90,1,53,3,0.502,0.367,0.869,0.298
497,필,KIA,B,0.313,132,544,71,156,37,1,20,86,0,33,5,0.511,0.357,0.868,0.284
424,정의윤,SK,B,0.311,144,616,68,179,32,1,27,100,0,25,10,0.51,0.347,0.857,0.301
308,윤석민,넥센,B,0.334,92,402,72,114,15,0,19,80,0,46,9,0.545,0.42,0.965,0.289
20,고종욱,넥센,B,0.334,133,566,92,176,22,9,8,72,1,28,5,0.455,0.37,0.825,0.409
227,서건창,넥센,B,0.325,140,646,111,182,30,7,7,63,3,69,10,0.441,0.406,0.847,0.305
368,이택근,넥센,B,0.309,127,460,64,123,19,1,8,65,0,53,3,0.422,0.389,0.811,0.345
464,채태인,넥센,B,0.286,124,417,29,106,14,3,7,72,0,36,2,0.397,0.345,0.742,0.35
124,김하성,넥센,B,0.281,144,599,92,148,29,7,20,84,2,60,6,0.477,0.358,0.835,0.315
171,박동원,넥센,B,0.248,127,454,44,102,25,1,14,70,6,27,7,0.416,0.304,0.72,0.25
193,박정음,넥센,B,0.309,98,263,45,69,5,3,4,26,5,30,3,0.413,0.395,0.808,0.365
379,임병욱,넥센,B,0.249,104,265,43,58,11,1,8,24,6,25,1,0.408,0.324,0.732,0.197
272,양의지,두산,B,0.319,108,392,66,106,17,0,22,66,1,40,12,0.569,0.404,0.973,0.245
96,김재호,두산,B,0.31,137,496,69,129,27,3,7,78,5,57,5,0.44,0.389,0.829,0.336
507,허경민,두산,B,0.286,144,609,96,154,24,4,7,81,6,49,14,0.385,0.36,0.745,0.321
279,오재원,두산,B,0.272,122,484,68,113,18,1,5,58,3,54,5,0.356,0.358,0.714,0.33
51,김문호,롯데,B,0.325,140,599,77,171,28,3,7,70,3,62,6,0.43,0.401,0.831,0.305
67,김상호,롯데,B,0.29,114,415,39,106,20,0,7,56,2,38,4,0.402,0.358,0.76,0.273
158,문규현,롯데,B,0.272,120,368,38,86,10,0,4,40,19,29,1,0.342,0.333,0.675,0.244
436,정훈,롯데,B,0.262,121,439,48,97,18,2,2,46,8,43,16,0.338,0.362,0.7,0.356
485,최준석,롯데,B,0.262,116,396,49,85,10,0,19,70,0,64,3,0.468,0.384,0.852,0.263
262,아두치,롯데,B,0.291,64,272,46,72,18,3,7,41,1,18,1,0.474,0.336,0.81,0.257
206,박한이,삼성,B,0.301,110,401,57,105,21,0,14,69,6,40,2,0.481,0.372,0.853,0.333
207,박해민,삼성,B,0.3,141,641,109,169,26,12,4,61,22,49,3,0.41,0.357,0.767,0.299
360,이지영,삼성,B,0.297,129,419,36,116,12,0,7,50,8,12,7,0.382,0.328,0.71,0.341
218,백상원,삼성,B,0.288,132,517,60,128,19,3,3,49,10,51,4,0.364,0.361,0.725,0.311
64,김상수,삼성,B,0.271,105,401,56,97,13,0,3,38,8,23,8,0.332,0.326,0.658,0.236
213,배영섭,삼성,B,0.266,93,381,53,86,17,0,4,22,1,51,5,0.356,0.374,0.73,0.189
437,조동찬,삼성,B,0.275,90,282,32,68,11,1,10,36,3,26,3,0.449,0.348,0.797,0.222
409,정근우,한화,B,0.31,138,650,121,178,31,2,18,88,1,60,9,0.464,0.381,0.845,0.388
499,하주석,한화,B,0.279,115,441,58,113,21,1,10,57,8,18,9,0.41,0.323,0.733,0.291
271,양성우,한화,B,0.271,108,446,52,104,12,4,4,53,8,39,9,0.354,0.347,0.701,0.318
107,김주형,KIA,B,0.281,135,387,43,97,16,1,19,49,1,34,6,0.499,0.355,0.854,0.244
127,김호령,KIA,B,0.267,124,514,72,121,18,3,8,41,13,36,10,0.373,0.333,0.706,0.221
375,이홍구,KIA,B,0.266,106,273,27,64,16,2,9,45,3,19,4,0.461,0.322,0.783,0.26
362,이진영,kt,B,0.332,115,424,49,123,23,1,10,72,0,45,3,0.48,0.403,0.883,0.333
320,이대형,kt,B,0.32,143,654,89,192,14,3,1,42,7,44,2,0.358,0.368,0.726,0.315
150,마르테,kt,B,0.265,91,381,52,86,16,0,22,74,0,50,1,0.517,0.36,0.877,0.33
281,오정복,kt,B,0.304,96,344,45,93,11,2,5,36,6,28,0,0.402,0.358,0.76,0.313
294,유민상,kt,B,0.282,95,254,30,60,12,1,4,37,3,25,9,0.404,0.375,0.779,0.311
169,박기혁,kt,B,0.273,117,348,36,84,13,0,2,34,10,27,1,0.334,0.331,0.665,0.247
240,손주인,LG,B,0.322,122,409,47,114,20,3,2,39,12,33,6,0.412,0.385,0.797,0.241
417,정성훈,LG,B,0.322,126,418,58,119,22,1,6,64,5,33,5,0.435,0.38,0.815,0.321
463,채은성,LG,B,0.313,128,451,64,126,20,3,9,81,2,31,7,0.444,0.365,0.809,0.346
328,이병규,LG,B,0.272,103,350,43,79,12,2,7,37,0,47,10,0.4,0.389,0.789,0.214
80,김용의,LG,B,0.318,105,347,62,98,18,4,1,20,4,35,0,0.412,0.388,0.8,0.29
365,이천웅,LG,B,0.293,103,320,38,81,10,1,6,41,6,34,3,0.402,0.376,0.778,0.307
292,유강남,LG,B,0.266,100,297,28,70,7,0,8,47,4,17,7,0.384,0.321,0.705,0.316
174,박민우,NC,B,0.343,121,515,84,149,16,6,3,55,10,55,8,0.428,0.42,0.848,0.434
237,손시헌,NC,B,0.305,110,403,36,104,21,2,5,39,10,38,13,0.422,0.394,0.816,0.311
356,이종욱,NC,B,0.305,134,517,73,138,24,4,5,57,4,54,1,0.408,0.376,0.784,0.315
72,김성욱,NC,B,0.265,130,348,60,81,15,1,15,51,7,30,3,0.467,0.334,0.801,0.318
108,김준완,NC,B,0.261,122,325,60,66,7,1,1,12,2,66,2,0.308,0.416,0.724,0.179
74,김성현,SK,B,0.319,138,530,66,153,28,0,8,65,5,33,6,0.428,0.366,0.794,0.322
189,박재상,SK,B,0.298,94,288,37,76,14,1,6,35,4,27,0,0.431,0.363,0.794,0.339
33,김강민,SK,B,0.298,115,422,59,109,21,0,10,47,10,32,12,0.437,0.371,0.808,0.262
349,이재원,SK,B,0.29,130,472,49,119,15,0,15,64,2,43,9,0.436,0.364,0.8,0.25
14,고메즈,SK,B,0.283,117,492,74,129,31,0,21,62,2,25,5,0.489,0.324,0.813,0.297
191,박정권,SK,B,0.277,125,468,59,117,17,3,18,59,2,35,5,0.46,0.337,0.797,0.243
324,이명기,SK,B,0.272,99,326,29,78,7,4,1,22,10,23,4,0.334,0.332,0.666,0.244
82,김웅빈,넥센,C,0.429,10,15,4,6,0,0,1,4,0,0,0,0.643,0.4,1.043,0.333
111,김지수,넥센,C,0.286,81,106,16,26,5,0,3,9,4,10,0,0.44,0.353,0.793,0.16
297,유재신,넥센,C,0.258,93,74,20,16,0,0,0,6,2,10,0,0.258,0.361,0.619,0.35
454,지재옥,넥센,C,0.231,7,17,2,3,0,0,1,1,0,3,1,0.462,0.412,0.874,0.25
515,홍성갑,넥센,C,0.226,44,68,4,14,0,1,0,7,0,1,5,0.258,0.294,0.552,0.235
451,주효상,넥센,C,0.222,12,19,3,4,1,0,0,3,0,1,0,0.278,0.263,0.541,0.333
393,장시윤,넥센,C,0.2,9,14,3,2,0,0,0,0,0,3,1,0.2,0.429,0.629,0
12,강지광,넥센,C,0.197,40,80,10,13,2,0,1,7,1,11,1,0.273,0.316,0.589,0.15
395,장영석,넥센,C,0.192,23,33,6,5,2,0,0,3,0,7,0,0.269,0.364,0.633,0.182
95,김재현,넥센,C,0.181,56,82,8,13,2,0,0,8,2,7,1,0.208,0.263,0.471,0.313
509,허정협,넥센,C,0.176,13,20,0,3,0,0,0,1,0,3,0,0.176,0.3,0.476,0.5
188,박윤,넥센,C,0.091,7,12,0,1,0,0,0,0,0,1,0,0.091,0.167,0.258,0.333
57,김민준,넥센,C,0.083,20,13,4,1,0,0,0,0,0,1,0,0.083,0.154,0.237,0
75,김세현,넥센,C,0,2,0,0,0,0,0,0,0,0,0,0,0,0,0,0
123,김택형,넥센,C,0,1,1,0,0,0,0,0,0,0,1,0,0,1,1,0
153,마정길,넥센,C,0,1,0,0,0,0,0,0,0,0,0,0,0,0,0,0
282,오주원,넥센,C,0,1,0,0,0,0,0,0,0,0,0,0,0,0,0,0
355,이정훈,넥센,C,0,1,0,0,0,0,0,0,0,0,0,0,0,0,0,0
431,정진호,두산,C,0.375,31,32,9,9,0,1,0,3,0,6,2,0.458,0.531,0.989,0.333
347,이원석,두산,C,0.316,7,22,3,6,3,0,2,7,0,2,0,0.789,0.364,1.153,0.333
147,류지혁,두산,C,0.288,90,134,34,34,5,0,3,9,2,10,3,0.407,0.356,0.763,0.296
484,최주환,두산,C,0.281,85,182,21,45,11,0,2,22,2,12,4,0.388,0.339,0.727,0.382
25,국해성,두산,C,0.278,58,174,28,42,11,0,4,24,0,21,1,0.43,0.368,0.798,0.378
441,조수행,두산,C,0.276,66,29,16,8,0,0,0,3,0,0,0,0.276,0.276,0.552,0.3
16,고영민,두산,C,0.25,8,5,1,1,1,0,0,1,0,1,0,0.5,0.4,0.9,0.5
531,홍성흔,두산,C,0.25,17,45,4,10,2,0,0,5,0,5,0,0.3,0.333,0.633,0.273
419,정수빈,두산,C,0.242,114,305,49,65,7,2,2,20,4,25,6,0.305,0.319,0.624,0.243
474,최용제,두산,C,0.222,4,11,0,2,0,0,0,1,1,1,0,0.222,0.3,0.522,0.2
183,박세혁,두산,C,0.209,87,210,26,36,5,1,5,23,11,22,2,0.337,0.302,0.639,0.148
532,이우성,두산,C,0.2,2,5,0,1,0,0,0,0,0,0,0,0.2,0.2,0.4,0
89,김인태,두산,C,0.167,14,19,0,3,1,0,0,3,0,1,0,0.222,0.211,0.433,0.375
480,최재훈,두산,C,0.167,22,22,1,3,1,0,0,4,0,2,1,0.222,0.273,0.495,0.333
230,서예일,두산,C,0.105,31,21,3,2,0,0,0,0,0,2,0,0.105,0.19,0.295,0
4,강동연,두산,C,0,3,0,0,0,0,0,0,0,0,0,0,0,0,0,0
15,고봉재,두산,C,0,1,0,0,0,0,0,0,0,0,0,0,0,0,0,0
71,김성배,두산,C,0,1,0,0,0,0,0,0,0,0,0,0,0,0,0,0
371,이현승,두산,C,0,2,0,0,0,0,0,0,0,0,0,0,0,0,0,0
372,이현호,두산,C,0,4,0,0,0,0,0,0,0,0,0,0,0,0,0,0
430,정진철,두산,C,0,2,1,0,0,0,0,0,0,0,0,0,0,0,0,0
456,진야곱,두산,C,0,1,0,0,0,0,0,0,0,0,0,0,0,0,0,0
505,함덕주,두산,C,0,1,0,0,0,0,0,0,0,0,0,0,0,0,0,0
63,김사훈,롯데,C,0.321,19,36,5,9,1,0,0,4,5,3,0,0.357,0.387,0.744,0.333
249,신본기,롯데,C,0.309,25,104,13,25,4,0,1,10,2,13,8,0.395,0.451,0.846,0.308
155,맥스웰,롯데,C,0.288,23,99,14,23,3,1,4,16,0,15,3,0.5,0.414,0.914,0.375
196,박종윤,롯데,C,0.282,73,211,24,55,5,1,1,17,3,10,2,0.333,0.322,0.655,0.245
109,김준태,롯데,C,0.275,68,144,12,33,3,1,2,16,1,22,0,0.367,0.385,0.752,0.184
208,박헌도,롯데,C,0.261,37,82,9,18,7,0,3,11,0,10,3,0.493,0.378,0.871,0.261
278,오승택,롯데,C,0.26,42,135,17,32,6,0,3,7,0,12,0,0.382,0.326,0.708,0.167
408,전준우,롯데,C,0.253,25,113,16,25,7,0,2,10,1,7,6,0.384,0.339,0.723,0.259
48,김동한,롯데,C,0.252,78,116,9,27,6,0,0,14,3,6,0,0.308,0.292,0.6,0.273
340,이여상,롯데,C,0.25,61,83,10,18,3,1,0,7,3,7,0,0.319,0.313,0.632,0.308
239,손용석,롯데,C,0.244,51,99,8,22,5,0,0,9,2,1,4,0.3,0.278,0.578,0.172
129,나경민,롯데,C,0.232,35,66,13,13,2,0,0,3,1,8,0,0.268,0.323,0.591,0.067
106,김주현,롯데,C,0.207,21,33,4,6,4,0,0,1,1,3,0,0.345,0.281,0.626,0.1
58,김민하,롯데,C,0.2,46,49,8,9,1,0,1,1,2,1,1,0.289,0.234,0.523,0
285,오현근,롯데,C,0.2,19,17,4,3,0,0,0,2,0,2,0,0.2,0.294,0.494,0.333
346,이우민,롯데,C,0.193,52,98,19,16,5,0,1,8,4,7,4,0.289,0.287,0.576,0.103
267,안중열,롯데,C,0.179,19,29,2,5,1,0,0,3,0,1,0,0.214,0.207,0.421,0.25
91,김재유,롯데,C,0.148,21,30,8,4,0,0,0,1,1,1,1,0.148,0.207,0.355,0.167
42,김대륙,롯데,C,0.143,58,59,5,7,1,2,0,5,1,5,3,0.245,0.259,0.504,0.118
3,강동관,롯데,C,0,2,2,0,0,0,0,0,0,0,0,0,0,0,0,0
43,김대우,롯데,C,0,2,2,0,0,0,0,0,0,0,1,0,0,0.5,0.5,0
112,김지수,롯데,C,0,6,7,1,0,0,0,0,0,0,0,0,0,0,0,0
142,레일리,롯데,C,0,1,0,0,0,0,0,0,0,0,0,0,0,0,0,0
185,박시영,롯데,C,0,2,0,0,0,0,0,0,0,0,0,0,0,0,0,0
236,손승락,롯데,C,0,4,0,0,0,0,0,0,0,0,0,0,0,0,0,0
305,윤길현,롯데,C,0,1,0,0,0,0,0,0,0,0,0,0,0,0,0,0
353,이정민,롯데,C,0,1,0,0,0,0,0,0,0,0,0,0,0,0,0,0
411,정대현,롯데,C,0,1,0,0,0,0,0,0,0,0,0,0,0,0,0,0
517,홍성민,롯데,C,0,1,0,0,0,0,0,0,0,0,0,0,0,0,0,0
529,황진수,롯데,C,0,11,10,2,0,0,0,0,0,0,0,0,0,0,0,0
28,권정웅,삼성,C,1,3,1,1,1,0,0,0,0,0,0,0,1,1,2,0
479,최재원,삼성,C,0.333,28,105,20,27,3,0,4,16,2,17,3,0.519,0.456,0.975,0.391
525,황선도,삼성,C,0.333,1,4,0,1,0,0,0,0,0,1,0,0.333,0.5,0.833,0
210,발디리스,삼성,C,0.266,44,190,24,41,6,0,8,33,0,31,2,0.461,0.389,0.85,0.245
376,이흥련,삼성,C,0.26,85,174,20,39,11,0,6,25,9,8,5,0.453,0.315,0.768,0.378
333,이성규,삼성,C,0.25,6,6,2,1,0,0,0,0,2,0,0,0.25,0.25,0.5,0
99,김정혁,삼성,C,0.236,46,118,13,25,1,1,2,11,1,9,1,0.321,0.299,0.62,0.154
289,우동균,삼성,C,0.221,33,82,14,15,1,0,2,10,1,12,0,0.324,0.333,0.657,0.286
93,김재현,삼성,C,0.218,122,215,25,41,7,0,0,14,11,8,7,0.255,0.275,0.53,0.17
120,김태완,삼성,C,0.196,34,52,4,9,2,0,1,9,0,5,0,0.304,0.269,0.573,0.238
131,나성용,삼성,C,0.167,6,13,1,2,0,0,0,0,0,1,0,0.167,0.231,0.398,0
341,이영욱,삼성,C,0.163,104,52,16,8,1,0,1,4,0,2,1,0.245,0.212,0.457,0.143
233,성의준,삼성,C,0.15,24,23,2,3,0,0,1,2,0,2,1,0.3,0.261,0.561,0.2
469,최선호,삼성,C,0.115,60,27,11,3,1,0,0,3,0,1,0,0.154,0.148,0.302,0.222
332,이상훈,삼성,C,0.083,8,14,0,1,0,0,0,0,2,0,0,0.083,0.083,0.166,0
166,박계범,삼성,C,0,5,0,1,0,0,0,0,0,0,0,0,0,0,0,0
261,심창민,삼성,C,0,1,0,0,0,0,0,0,0,0,0,0,0,0,0,0
268,안지만,삼성,C,0,1,0,0,0,0,0,0,0,0,0,0,0,0,0,0
354,이정식,삼성,C,0,7,9,0,0,0,0,0,1,0,0,1,0,0.111,0.111,0
378,임대한,삼성,C,0,1,0,0,0,0,0,0,0,0,0,0,0,0,0,0
401,장필준,삼성,C,0,1,0,0,0,0,0,0,0,0,0,0,0,0,0,0
202,박준혁,한화,C,0.375,6,9,3,3,2,0,0,3,0,1,0,0.625,0.444,1.069,0.333
119,김태완,한화,C,0.35,24,24,3,7,1,1,0,0,0,3,1,0.5,0.458,0.958,0
486,최진행,한화,C,0.329,28,85,4,23,2,0,1,9,2,11,2,0.4,0.434,0.834,0.412
339,이양기,한화,C,0.288,17,58,5,15,2,0,1,9,1,2,2,0.385,0.333,0.718,0.313
335,이성열,한화,C,0.288,86,219,29,57,7,3,10,29,2,11,8,0.505,0.35,0.855,0.246
250,신성현,한화,C,0.278,89,184,30,44,8,0,8,24,6,15,5,0.481,0.36,0.841,0.191
357,이종환,한화,C,0.276,31,33,3,8,1,0,0,4,0,3,0,0.31,0.333,0.643,0.2
35,김경언,한화,C,0.264,66,217,23,48,6,1,5,25,2,28,2,0.39,0.363,0.753,0.216
27,권용관,한화,C,0.25,40,49,7,11,2,1,0,3,1,2,2,0.341,0.313,0.654,0.182
83,김원석,한화,C,0.25,11,9,2,2,0,0,0,0,0,1,0,0.25,0.333,0.583,0
450,주현상,한화,C,0.25,15,8,0,2,0,0,0,0,0,0,0,0.25,0.25,0.5,0
396,장운호,한화,C,0.237,51,85,7,18,2,1,0,11,3,4,2,0.289,0.293,0.582,0.381
391,장민석,한화,C,0.229,98,227,38,47,7,3,1,16,6,16,0,0.307,0.285,0.592,0.22
459,차일목,한화,C,0.228,117,329,30,63,8,0,3,38,13,30,4,0.29,0.307,0.597,0.224
508,허도환,한화,C,0.218,48,93,9,17,8,0,0,12,4,6,5,0.321,0.315,0.636,0.222
128,김회성,한화,C,0.2,28,58,12,9,0,0,1,8,0,9,2,0.267,0.345,0.612,0.182
445,조인성,한화,C,0.168,76,146,10,23,2,0,3,7,6,2,1,0.248,0.186,0.434,0.098
277,오선진,한화,C,0.163,57,53,6,7,0,0,0,3,3,5,2,0.163,0.28,0.443,0.1
1,강경학,한화,C,0.158,46,116,16,16,3,2,1,7,4,8,2,0.257,0.232,0.489,0.08
478,최윤석,한화,C,0.125,11,17,2,2,0,0,0,0,0,1,0,0.125,0.176,0.301,0
245,송주호,한화,C,0.106,33,52,3,5,0,0,0,1,2,3,0,0.106,0.16,0.266,0
29,권혁,한화,C,0,1,0,0,0,0,0,0,0,0,0,0,0,0,0,0
36,김경태,한화,C,0,1,0,0,0,0,0,0,0,0,0,0,0,0,0,0
105,김주현,한화,C,0,4,3,0,0,0,0,0,0,0,0,0,0,0,0,0
145,로저스,한화,C,0,1,0,0,0,0,0,0,0,0,0,0,0,0,0,0
170,박노민,한화,C,0,5,2,0,0,0,0,0,0,0,0,0,0,0,0,0
195,박정진,한화,C,0,1,0,0,0,0,0,0,0,0,0,0,0,0,0,0
246,송창식,한화,C,0,1,0,0,0,0,0,0,0,0,0,0,0,0,0,0
303,윤규진,한화,C,0,1,0,0,0,0,0,0,0,0,0,0,0,0,0,0
323,이동훈,한화,C,0,17,2,3,0,0,0,0,0,0,0,0,0,0,0,0
366,이태양,한화,C,0,1,1,0,0,0,0,0,0,0,0,0,0,0,0,0
382,임익준,한화,C,0,3,2,0,0,0,0,0,0,0,0,0,0,0,0,0
392,장민재,한화,C,0,2,0,0,0,0,0,0,0,0,0,0,0,0,0,0
414,정범모,한화,C,0,5,4,0,0,0,0,0,0,0,0,0,0,0,0,0
423,정우람,한화,C,0,2,0,0,0,0,0,0,0,0,0,0,0,0,0,0
433,정현석,한화,C,0,3,8,0,0,0,0,0,0,0,0,0,0,0,0,0
453,지성준,한화,C,0,1,0,0,0,0,0,0,0,0,0,0,0,0,0,0
476,최원준,KIA,C,0.458,14,25,5,11,1,0,1,4,1,0,0,0.625,0.458,1.083,0.8
522,황대인,KIA,C,0.429,4,7,1,3,2,0,1,3,0,0,0,1.143,0.429,1.572,0.667
70,김선빈,KIA,C,0.36,6,27,3,9,2,1,0,0,1,1,0,0.52,0.385,0.905,0
255,신종길,KIA,C,0.31,75,240,34,66,8,3,1,12,1,20,6,0.39,0.385,0.775,0.25
136,노수광,KIA,C,0.309,77,238,43,64,4,2,4,30,10,20,1,0.406,0.373,0.779,0.413
41,김다원,KIA,C,0.302,25,47,3,13,2,0,1,6,0,2,2,0.419,0.362,0.781,0.294
313,윤정우,KIA,C,0.299,46,82,20,20,5,0,2,13,2,5,7,0.463,0.4,0.863,0.357
13,강한울,KIA,C,0.272,104,322,36,81,13,3,0,27,9,15,0,0.336,0.307,0.643,0.313
283,오준혁,KIA,C,0.265,47,144,18,35,8,4,2,15,2,9,1,0.432,0.317,0.749,0.308
269,안치홍,KIA,C,0.222,10,43,3,8,2,0,0,1,1,5,0,0.278,0.31,0.588,0
84,김원섭,KIA,C,0.219,37,90,10,16,5,0,0,12,1,15,0,0.288,0.348,0.636,0.3
17,고영우,KIA,C,0.214,63,81,18,15,3,0,0,4,1,7,3,0.257,0.313,0.57,0.167
336,이성우,KIA,C,0.211,55,89,9,16,1,0,0,6,4,5,3,0.224,0.282,0.506,0.174
219,백용환,KIA,C,0.195,80,199,12,34,7,0,4,15,3,19,1,0.305,0.276,0.581,0.146
55,김민우,KIA,C,0.195,19,47,3,8,1,0,0,4,1,5,0,0.22,0.283,0.503,0.25
503,한승택,KIA,C,0.179,27,30,1,5,0,0,0,5,1,1,0,0.179,0.207,0.386,0.429
204,박찬호,KIA,C,0.167,69,46,9,7,0,0,0,3,1,3,0,0.167,0.222,0.389,0.214
311,윤완주,KIA,C,0.167,34,34,5,5,0,0,1,2,1,2,0,0.267,0.212,0.479,0
374,이호신,KIA,C,0.154,51,43,1,6,2,0,0,2,1,2,0,0.205,0.19,0.395,0.143
363,이진영,KIA,C,0.138,17,33,4,4,0,0,0,2,1,3,0,0.138,0.219,0.357,0.143
520,홍재호,KIA,C,0.077,22,16,4,1,0,0,0,1,0,2,0,0.077,0.188,0.265,0
37,김광수,KIA,C,0,1,0,0,0,0,0,0,0,0,0,0,0,0,0,0
87,김윤동,KIA,C,0,1,0,0,0,0,0,0,0,0,0,0,0,0,0,0
116,김진우,KIA,C,0,2,0,0,0,0,0,0,0,0,0,0,0,0,0,0
201,박준표,KIA,C,0,1,0,0,0,0,0,0,0,0,0,0,0,0,0,0
217,배힘찬,KIA,C,0,1,0,0,0,0,0,0,0,0,0,0,0,0,0,0
257,심동섭,KIA,C,0,2,0,0,0,0,0,0,0,0,0,0,0,0,0,0
388,임창용,KIA,C,0,2,0,0,0,0,0,0,0,0,0,0,0,0,0,0
405,전상현,KIA,C,0,1,0,0,0,0,0,0,0,0,0,0,0,0,0,0
421,정용운,KIA,C,0,1,0,0,0,0,0,0,0,0,0,0,0,0,0,0
468,최병연,KIA,C,0,12,9,1,0,0,0,0,0,0,1,0,0,0.111,0.111,0
473,최영필,KIA,C,0,1,0,0,0,0,0,0,0,0,0,0,0,0,0,0
501,한기주,KIA,C,0,1,0,0,0,0,0,0,0,0,0,0,0,0,0,0
504,한승혁,KIA,C,0,2,0,0,0,0,0,0,0,0,0,0,0,0,0,0
512,헥터,KIA,C,0,3,0,0,0,0,0,0,0,0,0,0,0,0,0,0
513,홍건희,KIA,C,0,4,0,0,0,0,0,0,0,0,0,0,0,0,0,0
403,전민수,kt,C,0.305,74,240,31,65,14,1,3,29,4,19,4,0.423,0.373,0.796,0.362
256,신현철,kt,C,0.292,35,25,3,7,2,0,0,2,0,0,1,0.375,0.32,0.695,0.2
212,배병옥,kt,C,0.26,65,55,10,13,1,0,0,3,1,4,0,0.28,0.315,0.595,0.167
61,김사연,kt,C,0.25,20,63,6,14,1,0,0,4,0,7,0,0.268,0.333,0.601,0.308
101,김종민,kt,C,0.244,78,217,17,44,3,0,0,20,10,21,3,0.261,0.329,0.59,0.346
259,심우준,kt,C,0.242,122,251,36,57,9,1,3,17,5,8,0,0.326,0.264,0.59,0.145
312,윤요섭,kt,C,0.238,66,149,14,30,6,0,6,16,0,20,3,0.429,0.356,0.785,0.205
186,박용근,kt,C,0.23,31,86,5,17,4,1,1,6,0,11,0,0.351,0.326,0.677,0.15
66,김상현,kt,C,0.225,62,246,29,50,5,0,11,32,0,20,2,0.396,0.293,0.689,0.233
69,김선민,kt,C,0.22,32,63,7,11,0,0,0,2,2,10,1,0.22,0.361,0.581,0.25
500,하준호,kt,C,0.219,94,217,26,41,5,0,3,15,4,20,5,0.294,0.31,0.604,0.208
78,김연훈,kt,C,0.217,103,181,13,36,10,0,1,18,5,7,0,0.295,0.244,0.539,0.289
134,남태혁,kt,C,0.205,16,48,2,9,3,0,0,2,0,3,0,0.273,0.25,0.523,0.083
369,이해창,kt,C,0.203,88,254,16,47,10,0,6,22,8,9,3,0.325,0.24,0.565,0.136
159,문상철,kt,C,0.2,48,87,9,16,7,0,1,7,0,4,2,0.325,0.253,0.578,0.308
79,김영환,kt,C,0.167,12,12,2,2,0,0,0,0,0,0,0,0.167,0.167,0.334,0
46,김동명,kt,C,0.135,21,41,3,5,0,0,3,5,0,3,1,0.378,0.22,0.598,0.2
114,김진곤,kt,C,0.125,13,8,1,1,0,0,0,0,0,0,0,0.125,0.125,0.25,0
59,김민혁,kt,C,0.103,26,31,3,3,1,0,0,0,0,2,0,0.138,0.161,0.299,0
533,김만수,kt,C,0,1,1,0,0,0,0,0,0,0,0,0,0,0,0,0
62,김사율,kt,C,0,1,0,0,0,0,0,0,0,0,0,0,0,0,0,0
92,김재윤,kt,C,0,3,0,0,0,0,0,0,0,0,0,0,0,0,0,0
182,박세진,kt,C,0,1,0,0,0,0,0,0,0,0,0,0,0,0,0,0
214,배우열,kt,C,0,1,0,0,0,0,0,0,0,0,0,0,0,0,0,0
260,심재민,kt,C,0,3,0,0,0,0,0,0,0,0,0,0,0,0,0,0
275,엄상백,kt,C,0,2,0,0,0,0,0,0,0,0,0,0,0,0,0,0
416,정성곤,kt,C,0,1,1,0,0,0,0,0,0,0,0,0,0,0,0,0
429,정주후,kt,C,0,12,3,4,0,0,0,0,0,0,0,0,0,0,0,0
516,홍성무,kt,C,0,1,0,0,0,0,0,0,0,0,0,0,0,0,0,0
518,홍성용,kt,C,0,1,0,0,0,0,0,0,0,0,0,0,0,0,0,0
328,이병규,LG,C,1,1,1,0,1,0,0,0,0,0,0,0,1,1,2,1
444,조윤준,LG,C,1,2,1,1,1,0,0,0,0,0,0,0,1,1,2,0
221,백창수,LG,C,0.333,10,21,4,6,2,0,1,3,0,2,1,0.611,0.429,1.04,0.333
160,문선재,LG,C,0.288,52,127,28,32,3,2,7,16,5,10,0,0.541,0.344,0.885,0.226
373,이형종,LG,C,0.282,61,147,14,35,4,2,1,14,5,15,2,0.371,0.366,0.737,0.318
270,양석환,LG,C,0.276,80,215,24,56,10,1,6,37,3,6,1,0.424,0.297,0.721,0.301
266,안익훈,LG,C,0.267,68,52,13,12,0,1,0,4,1,6,0,0.311,0.353,0.664,0.375
390,임훈,LG,C,0.261,60,198,20,47,4,0,1,14,4,12,2,0.3,0.314,0.614,0.25
190,박재욱,LG,C,0.255,26,50,5,12,2,0,0,4,1,2,0,0.298,0.286,0.584,0.25
229,서상우,LG,C,0.252,56,137,18,28,5,0,4,12,0,25,1,0.405,0.394,0.799,0.2
428,정주현,LG,C,0.222,99,257,30,50,12,1,1,22,2,28,0,0.298,0.306,0.604,0.16
315,윤진호,LG,C,0.19,34,23,3,4,0,0,0,0,2,0,0,0.19,0.19,0.38,0
8,강승호,LG,C,0.184,18,41,4,7,3,0,0,3,0,2,0,0.263,0.22,0.483,0.222
415,정상호,LG,C,0.182,77,159,12,24,5,0,1,10,4,17,4,0.242,0.29,0.532,0.136
524,황목치승,LG,C,0.179,48,39,7,7,3,0,0,4,0,0,0,0.256,0.179,0.435,0.375
465,최경철,LG,C,0.156,29,52,3,7,2,0,0,2,2,4,1,0.2,0.24,0.44,0.091
399,장준원,LG,C,0.077,14,15,2,1,0,0,0,0,0,2,0,0.077,0.2,0.277,0
45,김대현,LG,C,0,1,0,0,0,0,0,0,0,0,0,0,0,0,0,0
110,김지성,LG,C,0,2,3,0,0,0,0,0,0,0,0,0,0,0,0,0
179,박성준,LG,C,0,1,1,0,0,0,0,0,0,0,0,0,0,0,0,0
235,소사,LG,C,0,2,0,0,0,0,0,0,0,0,0,0,0,0,0,0
314,윤지웅,LG,C,0,1,0,0,0,0,0,0,0,0,0,0,0,0,0,0
338,이승현,LG,C,0,3,0,0,0,0,0,0,0,0,0,0,0,0,0,0
383,임정우,LG,C,0,4,0,0,0,0,0,0,0,0,0,0,0,0,0,0
434,정현욱,LG,C,0,1,0,0,0,0,0,0,0,0,0,0,0,0,0,0
457,진해수,LG,C,0,1,0,0,0,0,0,0,0,0,0,0,0,0,0,0
467,최동환,LG,C,0,1,0,0,0,0,0,0,0,0,0,0,0,0,0,0
521,홍창기,LG,C,0,3,5,0,0,0,0,0,0,0,0,1,0,0.2,0.2,0
121,김태진,NC,C,0.5,2,2,1,1,0,0,0,0,0,0,0,0.5,0.5,1,1
167,박광열,NC,C,0.4,13,15,0,6,0,0,0,0,0,0,0,0.4,0.4,0.8,0.5
443,조영훈,NC,C,0.335,109,207,29,60,14,0,5,35,1,21,3,0.497,0.408,0.905,0.339
156,모창민,NC,C,0.331,63,147,16,44,8,0,5,20,1,9,1,0.504,0.37,0.874,0.289
102,김종호,NC,C,0.295,93,137,26,36,2,0,0,7,1,14,0,0.311,0.368,0.679,0.286
330,이상호,NC,C,0.28,15,27,1,7,2,0,0,1,0,0,2,0.36,0.333,0.693,0.143
30,권희동,NC,C,0.268,14,47,4,11,0,0,1,9,0,5,1,0.341,0.362,0.703,0.235
117,김태군,NC,C,0.232,134,395,37,79,15,0,1,30,20,22,9,0.285,0.293,0.578,0.206
452,지석훈,NC,C,0.219,141,394,34,77,14,0,9,54,6,22,9,0.336,0.278,0.614,0.232
287,용덕한,NC,C,0.212,88,116,16,22,3,0,2,7,2,8,1,0.298,0.272,0.57,0.136
139,도태훈,NC,C,0.167,6,7,1,1,0,0,0,0,0,0,1,0.167,0.286,0.453,0
446,조평호,NC,C,0.167,3,7,1,1,0,0,0,0,0,1,0,0.167,0.286,0.453,0
350,이재율,NC,C,0.154,32,13,9,2,0,0,0,0,0,0,0,0.154,0.154,0.308,0
5,강민국,NC,C,0.13,24,26,2,3,1,0,1,1,1,2,0,0.304,0.2,0.504,0.167
307,윤병호,NC,C,0.111,11,9,3,1,0,0,1,3,0,0,0,0.444,0.111,0.555,0.333
526,황윤호,NC,C,0.083,33,12,7,1,0,0,0,2,0,0,0,0.083,0.083,0.166,0.143
2,강구성,NC,C,0,2,3,0,0,0,0,0,0,0,0,0,0,0,0,0
24,구창모,NC,C,0,1,0,0,0,0,0,0,0,0,0,0,0,0,0,0
68,김선규,NC,C,0,1,0,0,0,0,0,0,0,0,0,0,0,0,0,0
115,김진성,NC,C,0,3,0,0,0,0,0,0,0,0,0,0,0,0,0,0
125,김학성,NC,C,0,1,0,0,0,0,0,0,0,0,0,0,0,0,0,0
163,민성기,NC,C,0,1,0,0,0,0,0,0,0,0,0,0,0,0,0,0
173,박민석,NC,C,0,1,0,0,0,0,0,0,0,0,0,0,0,0,0,0
181,박세웅,NC,C,0,1,1,0,0,0,0,0,0,0,0,0,0,0,0,0
200,박준영,NC,C,0,3,0,0,0,0,0,0,0,0,0,0,0,0,0,0
216,배재환,NC,C,0,2,0,0,0,0,0,0,0,0,0,0,0,0,0,0
290,원종현,NC,C,0,2,0,0,0,0,0,0,0,0,0,0,0,0,0,0
326,이민호,NC,C,0,3,0,0,0,0,0,0,0,0,0,0,0,0,0,0
351,이재학,NC,C,0,1,0,0,0,0,0,0,0,0,0,0,0,0,0,0
384,임정호,NC,C,0,1,0,0,0,0,0,0,0,0,0,0,0,0,0,0
387,임창민,NC,C,0,6,0,0,0,0,0,0,0,0,0,0,0,0,0,0
402,장현식,NC,C,0,1,0,0,0,0,0,0,0,0,0,0,0,0,0,0
466,최금강,NC,C,0,1,0,0,0,0,0,0,0,0,0,0,0,0,0,0
440,조성모,SK,C,0.5,3,2,1,1,0,0,0,0,0,0,0,0.5,0.5,1,0
132,나주환,SK,C,0.386,24,65,13,22,2,0,5,12,3,2,3,0.684,0.435,1.119,0.417
47,김동엽,SK,C,0.336,57,150,19,48,8,0,6,23,0,5,1,0.517,0.36,0.877,0.29
482,최정민,SK,C,0.329,88,177,29,51,4,1,0,11,6,8,7,0.368,0.386,0.754,0.293
94,김재현,SK,C,0.321,100,193,27,54,5,5,1,18,8,11,5,0.429,0.378,0.807,0.302
483,최정용,SK,C,0.296,48,61,10,16,1,1,0,2,4,3,0,0.352,0.333,0.685,0.267
502,한동민,SK,C,0.278,6,20,3,5,0,0,0,0,0,1,1,0.278,0.35,0.628,0
184,박승욱,SK,C,0.276,36,103,19,24,4,1,3,13,4,9,2,0.448,0.354,0.802,0.3
472,최승준,SK,C,0.266,76,231,31,53,5,0,19,42,0,28,3,0.578,0.364,0.942,0.188
54,김민식,SK,C,0.257,88,170,17,37,9,0,2,14,3,21,2,0.361,0.359,0.72,0.308
438,조동화,SK,C,0.238,76,172,24,34,5,0,0,16,8,15,4,0.273,0.323,0.596,0.233
40,김기현,SK,C,0.188,14,17,3,3,1,0,0,0,0,1,0,0.25,0.235,0.485,0
361,이진석,SK,C,0.186,41,45,6,8,1,1,0,2,0,2,0,0.256,0.222,0.478,0.125
370,이현석,SK,C,0.182,11,11,1,2,0,0,0,0,0,0,0,0.182,0.182,0.364,0
381,임석진,SK,C,0.182,11,12,3,2,0,0,0,0,0,1,0,0.182,0.25,0.432,0
77,김승회,SK,C,0,1,0,0,0,0,0,0,0,0,0,0,0,0,0,0
104,김주한,SK,C,0,3,0,0,0,0,0,0,0,0,0,0,0,0,0,0
122,김태훈,SK,C,0,1,0,0,0,0,0,0,0,0,0,0,0,0,0,0
140,라라,SK,C,0,1,0,0,0,0,0,0,0,0,0,0,0,0,0,0
157,문광은,SK,C,0,1,0,0,0,0,0,0,0,0,0,0,0,0,0,0
175,박민호,SK,C,0,3,0,0,0,0,0,0,0,0,0,0,0,0,0,0
192,박정배,SK,C,0,3,0,0,0,0,0,0,0,0,0,0,0,0,0,0
209,박희수,SK,C,0,5,1,0,0,0,0,0,0,0,0,0,0,0,0,0
254,신재웅,SK,C,0,2,0,0,0,0,0,0,0,0,0,0,0,0,0,0
295,유서준,SK,C,0,8,7,0,0,0,0,0,0,0,0,0,0,0,0,0
317,이건욱,SK,C,0,1,0,0,0,0,0,0,0,0,0,0,0,0,0,0
319,이대수,SK,C,0,14,15,0,0,0,0,0,2,0,2,0,0,0.133,0.133,0
352,이정담,SK,C,0,1,0,0,0,0,0,0,0,0,0,0,0,0,0,0
406,전유수,SK,C,0,3,0,0,0,0,0,0,0,0,0,0,0,0,0,0
420,정영일,SK,C,0,2,0,0,0,0,0,0,0,0,0,0,0,0,0,0
447,조한욱,SK,C,0,1,0,0,0,0,0,0,0,0,0,0,0,0,0,0
461,채병용,SK,C,0,2,0,0,0,0,0,0,0,0,0,0,0,0,0,0
